{"train/clip_fraction":0.37421875,"train/n_updates":10,"_wandb":{"runtime":17},"train/value_loss":3903.4961726933716,"train/mean_episode_reward":42.565802600000005,"_step":1024,"train/loss":2.250061511993408,"timesteps":1024,"train/explained_variance":-0.9227213859558105,"train/learning_rate":0.0003,"_timestamp":1.7735746060246613e+09,"train/policy_gradient_loss":0.008189943432807923,"_runtime":17.288007601,"train/entropy_loss":-1.3228229470551014,"train/clip_range":0.2,"train/episode_len":5}