{"losses/approx_kl":5.0105155e-07,"_timestamp":1.773705635427413e+09,"losses/clipfrac":0,"losses/explained_variance":0,"losses/old_approx_kl":8.158572e-05,"losses/entropy":1.5486207,"losses/policy_loss":-8.0280006e-05,"_step":4679,"rollout/visualization":{"_type":"video-file","sha256":"b5c4fb439613e6f8d83ec256d53421afae79132eee263ce375a430cc1ede0bfb","size":95990,"path":"media/videos/rollout/visualization_199680_b5c4fb439613e6f8d83e.gif"},"losses/value_loss":15.19279,"_wandb":{"runtime":2826},"_runtime":2826,"charts/learning_rate":7.692308e-07,"charts/rollout_mean_reward":0.71695966,"global_step":199680,"charts/SPS":70}