{"train/mean_reward":0,"train/clip_range":0.2,"train/explained_variance":0.6417655348777771,"_timestamp":1.7735783149662344e+09,"train/n_updates":580,"train/learning_rate":0.0003,"train/entropy_loss":-1.2215949282050134,"timesteps":30208,"_step":30208,"train/clip_fraction":0.5064453125,"train/policy_gradient_loss":-0.0600226879818365,"_wandb":{"runtime":401},"train/loss":-0.11231264472007751,"_runtime":401.329611215,"train/value_loss":0.08431997781735845}