{"train/learning_rate":0.0003,"train/mean_reward":0,"_step":1536,"_wandb":{"runtime":156},"timesteps":1536,"train/n_updates":20,"train/explained_variance":0.46168625354766846,"rollout/visualization":{"path":"media/videos/rollout/visualization_1024_dbc16766f758503e8e8c.gif","_type":"video-file","sha256":"dbc16766f758503e8e8c7159a9be34ac425d0026e8dbd0df811d7de640acd54a","size":11482885},"train/clip_range":0.2,"train/entropy_loss":-1.6016432836651802,"_runtime":156.741370912,"train/clip_fraction":0.1037109375,"train/value_loss":0.3228269947692752,"_timestamp":1.7736885861790254e+09,"train/loss":0.03876585513353348,"train/policy_gradient_loss":-0.01023790129693225}