{"losses/entropy":1.5981722,"_step":23,"losses/value_loss":33.886772,"charts/learning_rate":0.0002969072,"_wandb":{"runtime":198},"rollout/visualization":{"_type":"video-file","sha256":"3e6658bf2435a589f531c42b89ca13a557480db14cda1f757025a244cdb2a717","size":126844,"path":"media/videos/rollout/visualization_4096_3e6658bf2435a589f531.gif"},"losses/old_approx_kl":-0.0014628023,"charts/rollout_mean_reward":0.6721807,"_runtime":198,"_timestamp":1.7737396809478035e+09,"losses/clipfrac":0.051953126,"losses/approx_kl":0.010799899,"losses/explained_variance":-0.00015997887,"losses/policy_loss":-0.01689741,"global_step":4096,"charts/SPS":22}