{"_timestamp":1.7735708756395957e+09,"train/value_loss":0.005808280079509132,"timesteps":5120,"_step":5120,"train/clip_range":0.2,"_runtime":73.085866093,"train/learning_rate":0.0003,"train/n_updates":90,"train/entropy_loss":-1.0926593527197839,"_wandb":{"runtime":73},"train/loss":-0.031791843473911285,"train/policy_gradient_loss":-0.022933128383010627,"train/clip_fraction":0.22734375,"train/explained_variance":-0.5057021379470825}