{"train/entropy_loss":-1.587722323834896,"train/loss":0.41752758622169495,"train/policy_gradient_loss":-0.005607610050356015,"train/mean_reward":0.6793797734717373,"_runtime":341.819125003,"_step":10240,"_wandb":{"runtime":341},"train/explained_variance":-0.3082599639892578,"train/n_updates":40,"train/value_loss":2.6016594080254434,"timesteps":10240,"train/clip_range":0.2,"train/learning_rate":0.0003,"train/clip_fraction":0.071875,"_timestamp":1.773740633155081e+09}