{"train/entropy_loss":-1.322873668372631,"_step":27648,"_timestamp":1.7735796840009856e+09,"rollout/visualization":{"size":115119,"path":"media/videos/rollout/visualization_27136_99fb48844c2fd7f44fde.gif","_type":"video-file","sha256":"99fb48844c2fd7f44fde6e8497db963a271242fa0c4ec5d88110e6cc167bf9b3"},"timesteps":27648,"train/clip_range":0.2,"train/explained_variance":-0.3237861394882202,"_runtime":400.962467045,"train/clip_fraction":0.0802734375,"train/learning_rate":0.0003,"train/policy_gradient_loss":-0.011482374265324325,"train/loss":0.3149137794971466,"_wandb":{"runtime":400},"train/value_loss":1.0253292005509138,"train/n_updates":530,"train/mean_reward":0.6814259178936481}