{"_wandb":{"runtime":143},"train/explained_variance":0.48947203159332275,"_runtime":143.021357717,"train/value_loss":3.019324465095997,"train/clip_fraction":0.128515625,"train/policy_gradient_loss":-0.002965640660841018,"train/loss":1.0320985317230225,"train/entropy_loss":-1.0173342317342757,"train/mean_reward":0.8497440447099507,"_timestamp":1.7735785375486438e+09,"train/n_updates":200,"_step":10752,"timesteps":10752,"train/learning_rate":0.0003,"train/clip_range":0.2}