{"_step":24064,"train/mean_reward":0.6858512439066544,"train/clip_fraction":0.034375,"timesteps":24064,"train/learning_rate":0.0003,"train/clip_range":0.2,"_wandb":{"runtime":308},"train/entropy_loss":-1.3849932938814162,"train/loss":1.1783605813980103,"train/value_loss":2.518250550329685,"_runtime":308.915132664,"_timestamp":1.7735789098588498e+09,"train/n_updates":460,"train/explained_variance":0.23770374059677124,"train/policy_gradient_loss":-0.0038692777627147732}