{"train/loss":0.13346725702285767,"train/explained_variance":-0.4050644636154175,"train/entropy_loss":-1.274632139503956,"train/value_loss":0.730454891291447,"train/clip_fraction":0.1732421875,"train/n_updates":70,"_runtime":54.275163051,"_step":4096,"_timestamp":1.7735723082531095e+09,"train/policy_gradient_loss":-0.005445757089182735,"_wandb":{"runtime":54},"train/learning_rate":0.0003,"timesteps":4096,"train/clip_range":0.2}