{"train/mean_reward":0.6861872477456927,"train/policy_gradient_loss":-0.02266528478357941,"train/clip_fraction":0.189453125,"train/value_loss":0.670284542068839,"_step":33280,"_timestamp":1.7735803348580863e+09,"train/learning_rate":0.0003,"train/explained_variance":0.21454548835754395,"train/n_updates":640,"rollout/visualization":{"sha256":"a09417b0ec40691afeb2b7d803d8e8a46916dd0ed8d0f2daffa5b6c53e666ee1","size":31195,"path":"media/videos/rollout/visualization_32768_a09417b0ec40691afeb2.gif","_type":"video-file"},"timesteps":33280,"train/loss":0.15324321389198303,"_wandb":{"runtime":489},"train/clip_range":0.2,"train/entropy_loss":-1.491695973277092,"_runtime":489.891717662}