{"train/learning_rate":0.0003,"_runtime":76.126523825,"_timestamp":1.7736888604638345e+09,"_step":1536,"train/mean_reward":0,"_wandb":{"runtime":76},"train/clip_fraction":0.2884765625,"train/explained_variance":-0.11750078201293945,"train/n_updates":20,"train/value_loss":0.8186305378563702,"timesteps":1536,"train/clip_range":0.2,"train/entropy_loss":-1.576646226644516,"rollout/visualization":{"path":"media/videos/rollout/visualization_1024_24b00d3a276f2f56622f.gif","_type":"video-file","sha256":"24b00d3a276f2f56622fad473cc5fc496abab9950856ab270c1608a7a41493a2","size":328497},"train/policy_gradient_loss":0.00022037600865587592,"train/loss":0.052253078669309616}