{"train/explained_variance":0.5236061811447144,"_runtime":7718.107303119,"train/value_loss":0.2835342823062092,"train/n_updates":1110,"_timestamp":1.7736979312162724e+09,"rollout/visualization":{"_type":"video-file","sha256":"f5359ad07aab49b0a9b49a4a58c20f2106e14ef6633ad34a4a4c60deb74c59b4","size":452180,"path":"media/videos/rollout/visualization_56832_f5359ad07aab49b0a9b4.gif"},"train/learning_rate":0.0003,"_wandb":{"runtime":7718},"_step":57344,"train/entropy_loss":-1.245537418093079e-07,"train/clip_fraction":0,"train/mean_reward":0.5580757593270391,"train/clip_range":0.2,"timesteps":57344,"train/policy_gradient_loss":-3.4924596548080444e-10,"train/loss":0.06141234561800957}