{"train/clip_fraction":0.0310546875,"timesteps":33792,"_timestamp":1.7735778775232477e+09,"train/clip_range":0.2,"train/entropy_loss":-1.0121203988790513,"_runtime":446.479675247,"train/mean_reward":0.8703685782384127,"train/value_loss":1.0789812970906496,"train/n_updates":650,"train/explained_variance":0.7675753235816956,"train/policy_gradient_loss":-0.004707980237435549,"train/learning_rate":0.0003,"_step":33792,"train/loss":0.9221848249435425,"_wandb":{"runtime":446}}