{"train/learning_rate":0.0003,"_wandb":{"runtime":275},"train/clip_fraction":0.0921875,"_timestamp":1.7737410295604186e+09,"train/value_loss":2.3766311893239616,"train/mean_reward":0,"train/explained_variance":-0.012459397315979004,"train/n_updates":30,"train/entropy_loss":-0.23938207379542292,"_step":2048,"timesteps":2048,"train/policy_gradient_loss":0.018893161416053773,"train/loss":1.7146111726760864,"_runtime":275.335723925,"train/clip_range":0.2,"rollout/visualization":{"path":"media/videos/rollout/visualization_1536_3e9a2900b6e0fd16d503.gif","_type":"video-file","sha256":"3e9a2900b6e0fd16d503ccfc32b637370ccaf0803b070205f10890af60bf6afb","size":259782}}