{"losses/value_loss":25.174496,"_wandb":{"runtime":287},"losses/old_approx_kl":0.007931183,"losses/policy_loss":-0.031739414,"global_step":20480,"_step":479,"losses/approx_kl":0.0040349225,"losses/clipfrac":0.047070313,"losses/explained_variance":0,"charts/SPS":73,"charts/learning_rate":0.00027,"losses/entropy":1.4906989,"rollout/visualization":{"path":"media/videos/rollout/visualization_20480_aa9d38d31822c26c85d2.gif","_type":"video-file","sha256":"aa9d38d31822c26c85d2347c47ce92b859fa77188fde0f840c5d6298f69e6ece","size":101930},"_runtime":287,"charts/rollout_mean_reward":0.7053764,"_timestamp":1.7737027881196854e+09}