{"_wandb":{"runtime":1328},"train/clip_fraction":0.72890625,"train/learning_rate":0.0003,"train/entropy_loss":-1.3966654524207116,"_runtime":1328.84452563,"train/clip_range":0.2,"train/n_updates":220,"train/explained_variance":-7.942753791809082,"train/value_loss":0.0011569905458600261,"train/mean_reward":0,"_timestamp":1.773690225947173e+09,"train/loss":-0.1423540711402893,"train/policy_gradient_loss":-0.11180516856256872,"_step":11776,"rollout/visualization":{"path":"media/videos/rollout/visualization_11264_7457d2afd6e302ae9470.gif","_type":"video-file","sha256":"7457d2afd6e302ae9470561b4292bf7e0f8c50552941a4d6dcddfe6bb8a99111","size":430495},"timesteps":11776}