{"train/mean_episode_reward":40.57755100000001,"train/episode_len":6,"_wandb":{"runtime":13},"_runtime":13.084416904,"timesteps":512,"_timestamp":1.7735745502554672e+09,"_step":512}