{"train/n_updates":290,"train/policy_gradient_loss":-0.015014631184749305,"train/clip_range":0.2,"custom/num_episodes":6,"custom/mean_episode_reward":31.031218833333327,"train/entropy_loss":-1.3197151720523834,"train/loss":1.2403775453567505,"train/clip_fraction":0.3017578125,"train/value_loss":1.662474012374878,"_wandb":{"runtime":199},"_timestamp":1.7735745015658119e+09,"train/explained_variance":0.2899656891822815,"_step":15360,"_runtime":199.759675208,"timesteps":15360,"train/learning_rate":0.0003}