{"train/loss":0.03242042288184166,"train/entropy_loss":-0.6845366314053536,"train/clip_range":0.2,"_runtime":2493.949455392,"train/explained_variance":0.337485134601593,"_step":174080,"train/mean_reward":0.9010680370265618,"train/n_updates":3390,"train/learning_rate":0.0003,"timesteps":174080,"_wandb":{"runtime":2493},"train/value_loss":0.2163102729478851,"train/policy_gradient_loss":-0.014336565043777227,"_timestamp":1.7737017508156292e+09,"rollout/visualization":{"_type":"video-file","sha256":"fdba1096fa0c6ed3b52751d873fe3517e220fe6b75ef144ff43b086ef94e020e","size":37172,"path":"media/videos/rollout/visualization_173568_fdba1096fa0c6ed3b527.gif"},"train/clip_fraction":0.2009765625}