{"global_step":512,"_wandb":{"runtime":10},"_runtime":10,"_timestamp":1.7737024440624871e+09,"_step":1,"charts/rollout_mean_reward":0.65752757}