{"train/n_updates":90,"train/policy_gradient_loss":-0.003447108145337552,"train/clip_fraction":0.133984375,"train/learning_rate":0.0003,"train/value_loss":0.779046174697578,"train/loss":0.1378564089536667,"_runtime":73.015901372,"_wandb":{"runtime":73},"timesteps":5120,"train/explained_variance":-0.952243447303772,"_step":5120,"train/clip_range":0.2,"_timestamp":1.773571177508904e+09,"train/entropy_loss":-1.280667145550251}