{"_wandb":{"runtime":379},"_step":29184,"train/entropy_loss":-1.1648837819695472,"train/explained_variance":-10.481462478637695,"train/loss":-0.05294200778007507,"train/n_updates":560,"_runtime":379.812350346,"_timestamp":1.7735718501313455e+09,"train/clip_range":0.2,"train/value_loss":0.00032580053330093505,"timesteps":29184,"train/policy_gradient_loss":-0.05584478701930493,"train/learning_rate":0.0003,"train/clip_fraction":0.38046875}