{"train/entropy_loss":-1.2975482806563376,"train/clip_fraction":0.39609375,"_runtime":26.46017976,"_timestamp":1.7735746645821505e+09,"_step":2048,"train/mean_episode_reward":75.4780462,"train/episode_len":5,"_wandb":{"runtime":26},"train/policy_gradient_loss":0.012697733147069812,"train/explained_variance":0.07717180252075195,"train/loss":5.917174816131592,"train/value_loss":41.75587875247002,"timesteps":2048,"train/learning_rate":0.0003,"train/n_updates":30,"train/clip_range":0.2}