{"_wandb":{"runtime":2530},"timesteps":174592,"_runtime":2530.775579809,"rollout/visualization":{"sha256":"d2d3b591186222c9305c44e814bca22326eeb4694e992c77ebafb139af798655","size":36235,"path":"media/videos/rollout/visualization_174080_d2d3b591186222c9305c.gif","_type":"video-file"},"train/value_loss":1.5719826873391867,"_timestamp":1.7735828960985575e+09,"train/mean_reward":0.8160038257483393,"train/policy_gradient_loss":-0.023269910388626157,"_step":174592,"train/entropy_loss":-1.074472676217556,"train/n_updates":3400,"train/clip_range":0.2,"train/clip_fraction":0.3541015625,"train/explained_variance":0.6369282007217407,"train/loss":0.15391340851783752,"train/learning_rate":0.0003}