{"timesteps":1024,"_timestamp":1.7735739991344197e+09,"train/value_loss":661.3357615202665,"train/explained_variance":-2.0824618339538574,"_wandb":{"runtime":16},"train/n_updates":10,"_runtime":16.096359673,"train/policy_gradient_loss":0.057477771339472385,"train/clip_range":0.2,"train/learning_rate":0.0003,"train/clip_fraction":0.4876953125,"train/loss":3.213834524154663,"train/entropy_loss":-1.2283481162041425,"_step":1024}