{"train/clip_range":0.2,"train/value_loss":1.391089490056038,"_step":12288,"timesteps":12288,"train/learning_rate":0.0003,"train/loss":1.2686312198638916,"train/n_updates":230,"_runtime":163.381620014,"_wandb":{"runtime":163},"_timestamp":1.7735739509778056e+09,"train/policy_gradient_loss":-0.003956313873641193,"train/clip_fraction":0.07421875,"train/explained_variance":-1.161994218826294,"train/entropy_loss":-1.2885982632637023}