{"train/learning_rate":0.0003,"train/loss":1.167831540107727,"train/clip_range":0.2,"_runtime":185.533450994,"_timestamp":1.7737402761342967e+09,"_step":4096,"train/mean_reward":0.6789191132702399,"train/policy_gradient_loss":-0.004213622651877813,"_wandb":{"runtime":185},"train/clip_fraction":0.115380859375,"train/explained_variance":-0.16306602954864502,"train/value_loss":29.55961058139801,"rollout/visualization":{"path":"media/videos/rollout/visualization_2048_2dec4a09e6e2e4df2e98.gif","_type":"video-file","sha256":"2dec4a09e6e2e4df2e985c722dcc7a8c383b7d00e9c803c5855f07c877b5fed4","size":33181},"timesteps":4096,"train/n_updates":10,"train/entropy_loss":-1.5913430862128735}